111,shah,12312,shah@abc.com,keelang,1212,1212,1212
222,shah,12312,shah@abc.com,keelang,1212,1212,1212
333,shah,12312,shah@abc.com,keelang,1212,1212,1212
444,shah,12312,shah@abc.com,keelang,1212,1212,1212

2026-10-02T01:49:11.553Z
2026-10-02T01:49:15.671Z
111,shah,12312,shah@abc.com,keelang,1212,1212,1212
111,shah,12312,shah@abc.com,keelang,1212,1212,1212
111,shah,12312,shah@abc.com,keelang,1212,1212,1212
111,shah,12312,shah@abc.com,keelang,1212,1212,1212
111,shah,12312,shah@abc.com,keelang,1212,1212,1212
111,shah,12312,shah@abc.com,keelang,1212,1212,1212